prompt,output,timestamp
How not to become a nightowl and is there any correlation of having dark circles  with waking up night for study ?,"'
As a night owl or late night learner, you may be familiar with the struggles of balancing your freetime learning of Generative AI with your full-time job. However, it's important to recognize that excessive staying up late for studying can have negative effects on your physical and mental health. Here are some tips to help you avoid becoming a night owl and maintain a healthy balance between your work and studies:

1. Set a consistent schedule: Establish a regular study routine, even if it's just an hour or two each day. This will help regulate your body's internal clock and reduce the need to stay up late for studying.
2. Create a conducive learning environment: Make sure your study space is comfortable, well-lit, and free from distractions. This will help you focus and retain information better, reducing the need to study late into the night.
3. Take breaks: Take short breaks every hour or so to stretch, move around, and rest your eyes. This will help prevent burnout and reduce the likelihood of staying up late for studying.
4. Prioritize self-care: Get enough sleep each night, eat a healthy diet, and exercise regularly. Taking care of yourself will help you stay energized and focused throughout the day, reducing the need to study late into the night.
5. Communicate with your loved ones: Let your family and friends know about your schedule and commitments. They can provide emotional support and help you stay accountable for your studies.
6. Use time-management tools: Utilize tools like calendars, planners, or apps to stay organized and keep track of your study schedule, work hours, and personal time. This will help you prioritize your tasks and avoid staying up late for studying.
7. Seek support: Connect with other learners or students who share similar schedules and challenges. They can provide valuable advice, encouragement, and support to help you stay on track.
8. Evaluate your goals: Regularly assess your learning objectives and prioritize them based on their importance. This will help you avoid feeling overwhelmed or struggling to balance your work and study responsibilities.
9. Stay flexible: Be willing to adjust your schedule as needed. If you find that you're consistently staying up late for studying, consider pushing back your study time earlier in the day or taking a longer break between sessions.
10. Practice self-compassion: Remember that it's okay to take breaks and prioritize self-care. Don't be too hard on yourself if you don't meet your study goals every night. Be kind to yourself, and celebrate your progress and achievements along the way.

Regarding dark circles under the eyes, they can be caused by a variety of factors, including lack of sleep, allergies, sinus problems, anemia, and dehydration. While studying late into the night can exacerbate these issues, it's not the only cause. If you're experiencing persistent dark circles, consult with a healthcare professional to determine the underlying cause and appropriate treatment options.

In summary, while studying Generative AI in your free time may require some sacrifices, it's essential to maintain a balance between your work and studies to avoid burnout and prioritize your overall well-being. By implementing these tips, you can strike a healthy balance and achieve your learning goals without compromising your physical or mental health.",2025-01-18 00:48:16.582538
